stage,seed,suite,model,modes,rho,n_samples,relative_l2_mean,relative_l2_median,mae_mean,mae_median,linf_mean,linf_median,interface_mae_mean,interface_mae_median,far_field_mae_mean,far_field_mae_median,jump_amplitude_error_mean,jump_amplitude_error_median,overshoot_mean,overshoot_median,spurious_jump_error_mean,spurious_jump_error_median,total_variation_error_mean,total_variation_error_median
A,0,iid,plain,4,0.0,32,0.33643693731035107,0.32589892794020875,0.10143768618188934,0.101235747655753,0.41322185818714097,0.4116676525997466,0.30771479348775405,0.3201160028778621,0.05488379004926979,0.051977889311192724,0.8103764922218263,0.8496493274277233,0.09259969866879438,0.09178811687826083,0.73637692558311,0.8890208449553441,0.40002413541452553,0.3576155854471281
A,0,iid,hidden_width_2,4,0.0,32,0.33643693731035107,0.32589892794020875,0.10143768618188934,0.101235747655753,0.41322185818714097,0.4116676525997466,0.30771479348775405,0.3201160028778621,0.05488379004926979,0.051977889311192724,0.8103764922218263,0.8496493274277233,0.09259969866879438,0.09178811687826083,0.73637692558311,0.8890208449553441,0.40002413541452553,0.3576155854471281
A,0,iid,two_channel_fno,4,0.0,32,0.3352758843992817,0.32694930258394556,0.10156040880477261,0.10049381797348467,0.41330326680476553,0.40652612948614275,0.30776405326916695,0.3207879428307888,0.055024940650255816,0.05366760209183434,0.8104705531611938,0.8506057667758389,0.09220961385185152,0.08989504463036531,0.7362915711456575,0.8898964572205428,0.40019876495128215,0.3532137577532426
A,0,iid,shared,4,0.0,32,0.14748197604040386,0.14835437522932363,0.046412357265569894,0.05073064569223724,0.25158713676815736,0.27286521822245524,0.1424719000708148,0.14847742051608226,0.024305646154578836,0.022958870163902252,0.3666830718243544,0.3788715212250251,0.03370118411692832,0.03216982691389364,0.31611511446024143,0.39667618889917183,0.15544577958821032,0.1261132839256417
A,0,iid,shared_learnable_rho,4,0.007920245675298105,32,0.14810203775579248,0.14953542632368144,0.04677279708847201,0.051263990736724746,0.25243631846763226,0.2735767308564713,0.14380414082491055,0.15020468933573766,0.024451944772057678,0.023084515156585765,0.370295969090545,0.38309199248506914,0.03376045387827401,0.032391212405135206,0.31906895342374547,0.40059185783921025,0.15582710589386972,0.12731936339044014
A,0,iid,dual,4,0.0,32,0.15108751772712098,0.1184306571759896,0.039243518511477365,0.03676066120742104,0.21857079163387433,0.22903429624577482,0.1091386862677612,0.09534994414963704,0.022694883740683625,0.01810697445371617,0.18697396484449627,0.19824336387607328,0.06261717213857802,0.03601858735139907,0.181629090683527,0.2027238724907931,0.23697096280573737,0.1784312780044074
A,0,iid,wide_plain,4,0.0,32,0.21789676811901537,0.22216917289822893,0.056020029597260435,0.06075378667580074,0.3501941006728544,0.3465795075927133,0.171207595487868,0.17450658894354365,0.030356232673332362,0.03067638142459881,0.5826956032808536,0.6027126128661184,0.10604627832534541,0.10984513570614005,0.7185799351915849,0.7764105393388736,0.6079111413945416,0.6157488515995572
A,0,iid,plain,8,0.0,32,0.21789676811901537,0.22216917289822893,0.056020029597260435,0.06075378667580074,0.3501941006728544,0.3465795075927133,0.171207595487868,0.17450658894354365,0.030356232673332362,0.03067638142459881,0.5826956032808536,0.6027126128661184,0.10604627832534541,0.10984513570614005,0.7185799351915849,0.7764105393388736,0.6079111413945416,0.6157488515995572
A,0,endpoint_continuous,plain,8,0.0,24,0.0009261054619702395,0.0009261054619702431,0.0004780958343521275,0.0005163699514441622,0.0004780958343521275,0.0005163699514441622,nan,nan,0.0004780958343521275,0.0005163699514441622,nan,nan,nan,nan,0.0,0.0,0.0,0.0
A,0,offgrid,plain,8,0.0,24,0.2942134079568211,0.22095177037601027,0.05730450346622851,0.06215333955930877,0.33361361648703475,0.3669516037298961,0.1811992735201039,0.18511658809255682,0.0318513538178254,0.032458577268356686,0.618049155623923,0.6456378653674906,0.10711716302555284,0.10856014342233944,0.7597552754510816,0.7791110973632127,0.632710003969021,0.5842673748164408
A,0,false_interface,plain,8,0.0,24,0.000926105461970262,0.0009261054619702786,0.00022637683063954646,0.00026753876038482227,0.00022637683063954646,0.00026753876038482227,0.0002222011895678651,0.000264135427245904,0.00022637683063954646,0.00026753876038482227,0.0,0.0,0.0002222011895678651,0.000264135427245904,0.0,0.0,0.0,0.0
A,0,iid,hidden_width_2,8,0.0,32,0.21789676811901537,0.22216917289822893,0.056020029597260435,0.06075378667580074,0.3501941006728544,0.3465795075927133,0.171207595487868,0.17450658894354365,0.030356232673332362,0.03067638142459881,0.5826956032808536,0.6027126128661184,0.10604627832534541,0.10984513570614005,0.7185799351915849,0.7764105393388736,0.6079111413945416,0.6157488515995572
A,0,endpoint_continuous,hidden_width_2,8,0.0,24,0.0009261054619702395,0.0009261054619702431,0.0004780958343521275,0.0005163699514441622,0.0004780958343521275,0.0005163699514441622,nan,nan,0.0004780958343521275,0.0005163699514441622,nan,nan,nan,nan,0.0,0.0,0.0,0.0
A,0,offgrid,hidden_width_2,8,0.0,24,0.2942134079568211,0.22095177037601027,0.05730450346622851,0.06215333955930877,0.33361361648703475,0.3669516037298961,0.1811992735201039,0.18511658809255682,0.0318513538178254,0.032458577268356686,0.618049155623923,0.6456378653674906,0.10711716302555284,0.10856014342233944,0.7597552754510816,0.7791110973632127,0.632710003969021,0.5842673748164408
A,0,false_interface,hidden_width_2,8,0.0,24,0.000926105461970262,0.0009261054619702786,0.00022637683063954646,0.00026753876038482227,0.00022637683063954646,0.00026753876038482227,0.0002222011895678651,0.000264135427245904,0.00022637683063954646,0.00026753876038482227,0.0,0.0,0.0002222011895678651,0.000264135427245904,0.0,0.0,0.0,0.0
A,0,iid,two_channel_fno,8,0.0,32,0.2182173368261766,0.2221415183337474,0.05632079209212547,0.06057956022395967,0.3505821811634321,0.35162056102434214,0.17145125765777122,0.17553118665772266,0.03064247944763792,0.029830250513298445,0.5831988180179155,0.6065017969977997,0.10584399403734022,0.10410486382772137,0.7174307494503275,0.7750661726482599,0.612532656998377,0.6177102147768174
A,0,endpoint_continuous,two_channel_fno,8,0.0,24,0.03930960393828762,0.002426640256720204,0.0010796193633098524,0.0011561666569457757,0.0010796193633098524,0.0011561666569457757,nan,nan,0.0010796193633098524,0.0011561666569457757,nan,nan,nan,nan,0.0,0.0,0.0,0.0
A,0,offgrid,two_channel_fno,8,0.0,24,0.3023795708382712,0.22065739829901593,0.05755989238852569,0.06222373647455889,0.33481230317979854,0.3682773126493296,0.18157056436255015,0.18690737873293242,0.03200449434470359,0.03277530076944389,0.6189915477370748,0.6518736434781062,0.10661091114463268,0.1059545836592608,0.767910734622367,0.7798233579002948,0.6355714690955075,0.5990011792900126
A,0,false_interface,two_channel_fno,8,0.0,24,0.06452742618892754,0.012962118299526534,0.0024871229317947256,0.0022467166826917345,0.006090282464745335,0.006224520869353156,0.0032084338257670894,0.0032430184655794195,0.0023197998607144645,0.002186132253883418,0.0036284499308195397,0.003060292567175882,0.005924538171878271,0.005769178646438777,0.0692964653781698,0.014096378227004599,0.045113457509724876,0.03953346545062121
A,0,iid,shared,8,0.0,32,0.1035365324468358,0.10768665189020707,0.02766788461021302,0.03071110005238621,0.22902634786309858,0.2551492628631351,0.08369357084537099,0.08246601853083055,0.01514074088520696,0.014689551917261425,0.28197294673135337,0.2886206312799249,0.05720797220598802,0.05318280679419374,0.30658110239604996,0.3682572996885246,0.27779077070065383,0.2761112678443114
A,0,endpoint_continuous,shared,8,0.0,24,0.04836281455568312,0.04836281455568312,0.024966983919332133,0.026965723915169992,0.024966983919332133,0.026965723915169992,nan,nan,0.024966983919332133,0.026965723915169992,nan,nan,nan,nan,0.0,0.0,0.0,0.0
A,0,offgrid,shared,8,0.0,24,0.0996316702374954,0.10565756636655399,0.02818741061547192,0.031007916603316872,0.23267202632499087,0.2519837160713605,0.08872340165413511,0.09271096849444116,0.015616061777989266,0.015261789039998069,0.3032052997201866,0.3189017743724587,0.05547181831404674,0.052096280846820386,0.2896730192048759,0.36915345875733874,0.2844901258550181,0.2632161147488553
A,0,false_interface,shared,8,0.0,24,0.09559720790070186,0.1084037325187274,0.013358211080203145,0.01310952160978359,0.08195976031915315,0.08495854641168385,0.0389409430890017,0.04628031469856764,0.007307337523937301,0.008108790522702167,0.007668254691556004,0.004990569843101811,0.09328687874376018,0.11616320020446008,0.16964190815996816,0.19517386371567733,0.279492494879077,0.27714282856074923
A,0,iid,shared_learnable_rho,8,0.007465560653954272,32,0.10392754408604202,0.1084988990582935,0.02786198670311677,0.030916450931118344,0.2296864301328956,0.25587073360117774,0.08433183347548712,0.08308304875900172,0.015238599501975293,0.014859715328150728,0.2843438056704704,0.2907446440483334,0.05735428754813787,0.05348540860325868,0.3088338248103366,0.37138502941395835,0.2793287048206408,0.27668162004294816
A,0,endpoint_continuous,shared_learnable_rho,8,0.007465560653954272,24,0.04834919206175558,0.04834919206175559,0.02495995139672245,0.02695812840168177,0.02495995139672245,0.02695812840168177,nan,nan,0.02495995139672245,0.02695812840168177,nan,nan,nan,nan,0.0,0.0,0.0,0.0
A,0,offgrid,shared_learnable_rho,8,0.007465560653954272,24,0.10073452399675531,0.10641591520469386,0.02838605227186919,0.03118592413103121,0.2332812309733782,0.2525516793770938,0.08941840627236361,0.09346215258238916,0.01571220617211992,0.015326229612060857,0.30560684266317617,0.32167388697963184,0.05571622495921863,0.05237948956502936,0.2930553576557645,0.3721421254300278,0.2866929167579521,0.2656627154066695
A,0,false_interface,shared_learnable_rho,8,0.007465560653954272,24,0.0948207217168764,0.10743514038640606,0.013250962438505438,0.01301421449221369,0.08126745791954659,0.08423020417605283,0.03859484630999445,0.04587644256427956,0.0072537856444222495,0.00815330787834173,0.007596585788319697,0.005002630112149187,0.0924859191817518,0.1150757998551108,0.16845611513834788,0.19387029700343666,0.27741806638188876,0.2751986745693654
A,0,iid,dual,8,0.0,32,0.09878055139017786,0.07949752074178555,0.022342900216825085,0.02054281497677954,0.19402811223536343,0.20681117421173867,0.06332313162221843,0.05413783549462657,0.012991428508417302,0.010872932238819154,0.14365575978278725,0.1477186304414907,0.06484119093239542,0.04983454582233665,0.20829521210701285,0.18751014402845417,0.30524800201301294,0.2345059897240177
A,0,endpoint_continuous,dual,8,0.0,24,0.03736857244776325,0.03736857244776326,0.019291278970488865,0.02083564856570158,0.019291278970488865,0.02083564856570158,nan,nan,0.019291278970488865,0.02083564856570158,nan,nan,nan,nan,0.0,0.0,0.0,0.0
A,0,offgrid,dual,8,0.0,24,0.13425878883559147,0.08152739101880127,0.02354359797466025,0.0225019720743195,0.19632131128170027,0.2108055751866886,0.0710482651329093,0.07004926622060004,0.013612916672120187,0.011686864633252705,0.15698625831615107,0.15857930910934648,0.06669497893284895,0.053485334459350775,0.22744117576908252,0.1906267196155966,0.3253666957013382,0.2711697229228983
A,0,false_interface,dual,8,0.0,24,0.1433473543377471,0.16440893921734095,0.019775980206212674,0.019843868165991117,0.12228614716328683,0.12807168578848926,0.0587633241054679,0.07010044006751172,0.010615103775794868,0.010108934801565632,0.008097811293496411,0.0030856149478311126,0.1398416809220072,0.17415046423449293,0.26046652205993803,0.2982840928724627,0.4229412130405086,0.4289285468402143
A,0,iid,wide_plain,8,0.0,32,0.13791060774652403,0.14138395922736047,0.033860807396246216,0.03168138808385494,0.23253855732919498,0.2440070552227644,0.10957355691310937,0.11237400763330023,0.016859329389699723,0.01638400302933975,0.21067976974333713,0.2160454477006789,0.0891268892959246,0.09014005057054247,0.5820021837366359,0.5219352501897916,0.8533715648059961,0.8800087965190678
A,0,endpoint_continuous,wide_plain,8,0.0,24,0.0002883168732750129,0.0002883168732750194,0.00014884168353025207,0.00016075725278286157,0.00014884168353025207,0.00016075725278286157,nan,nan,0.00014884168353025207,0.00016075725278286157,nan,nan,nan,nan,0.0,0.0,0.0,0.0
A,0,offgrid,wide_plain,8,0.0,24,0.15028665478196596,0.14103138260578413,0.03487999583699974,0.03582860859743517,0.22088367254634436,0.23796849722246924,0.11562022748787205,0.12565199741074257,0.018254639394875708,0.020547485139321545,0.2182788098929618,0.22543852482146298,0.09379302301264605,0.09642063027882575,0.562142617740835,0.516135048063025,0.9074346073379808,1.0008633399119968
A,0,false_interface,wide_plain,8,0.0,24,0.0002883168732750264,0.0002883168732750281,7.047605555964374e-05,8.329066401352447e-05,7.047605555964374e-05,8.329066401352447e-05,6.917608722219289e-05,8.223113201677457e-05,7.047605555964374e-05,8.329066401352447e-05,0.0,0.0,6.917608722219289e-05,8.223113201677457e-05,0.0,0.0,0.0,0.0
A,0,iid,exact_shift,0,0.0,32,0.0,0.0,0.0,0.0,0.0,0.0,0.0,0.0,0.0,0.0,0.0,0.0,0.0,0.0,0.0,0.0,0.0,0.0
A,0,iid,shared_rho_0.25,8,0.25,32,0.12749986344416336,0.1387714036993688,0.03493651940767649,0.03728822085951643,0.25531155695025987,0.2784464994657848,0.10594991334773363,0.10403486675845182,0.019087019645280687,0.0193682623532839,0.3609453479286396,0.36189381410301874,0.06789197708829839,0.063412460688827,0.40248476342167455,0.4746856366757326,0.34766539321031,0.3436312537088724
A,0,iid,shared_rho_0.5,8,0.5,32,0.15680547261397504,0.16709725818588744,0.04190048351752362,0.04400972636017625,0.2833183832075299,0.2963996063331583,0.1282737848904421,0.12821740912757867,0.022638592046656775,0.02332546547020834,0.43684865803484696,0.44449240373222454,0.07985903818152343,0.07486012624978569,0.5102535528393408,0.5789795341712409,0.4355336442064822,0.4301121772389219
A,0,iid,shared_rho_0.75,8,0.75,32,0.18698974852005412,0.19628343304099422,0.0488488422697822,0.05236768127728223,0.31220981120772623,0.3237928367615085,0.1499435924889956,0.1516170925566628,0.02632338300228461,0.027522256631596666,0.5104538003819618,0.5244019756130203,0.09226571174022619,0.091114621895093,0.6155379025396746,0.6783385699749851,0.5224920951852212,0.5254805044381258
A,0,iid,shared_rho_1,8,1.0,32,0.21789676811901537,0.22216917289822893,0.056020029597260435,0.06075378667580074,0.3501941006728544,0.3465795075927133,0.171207595487868,0.17450658894354365,0.030356232673332362,0.03067638142459881,0.5826956032808536,0.6027126128661184,0.10604627832534541,0.10984513570614005,0.7185799351915849,0.7764105393388736,0.6079111413945416,0.6157488515995572
A,0,ablation_unshifted,two_channel_fno,8,0.0,32,0.2182173368261766,0.2221415183337474,0.05632079209212547,0.06057956022395967,0.3505821811634321,0.35162056102434214,0.17145125765777122,0.17553118665772266,0.03064247944763792,0.029830250513298445,0.5831988180179155,0.6065017969977997,0.10584399403734022,0.10410486382772137,0.7174307494503275,0.7750661726482599,0.612532656998377,0.6177102147768174
A,0,ablation_unshifted,shared,8,0.0,32,0.5127655412503165,0.4970919677109099,0.13699635705704488,0.1303778880702327,0.6800224497289972,0.66767649788725,0.339552046440722,0.33480863139173433,0.09205449680140375,0.08845813754364304,0.8014372577305634,0.7969374105319268,0.04921891628569852,0.04182447960632685,0.9644209573936493,0.9303343442326715,0.41300716245899005,0.33220583978776375
A,0,ablation_unshifted,shared_learnable_rho,8,0.007465560653954272,32,0.5098020576051623,0.4939289050258694,0.1363210227213672,0.1298182251871085,0.6772328198093536,0.6654193096849008,0.3382312184656351,0.3332842034771537,0.0915227815627418,0.0878823147675879,0.7999059975747288,0.7954940273664388,0.04942861317324295,0.042124181870763666,0.9623749153540679,0.929250095595112,0.4134238838002239,0.33345657105921256
A,0,ablation_unshifted,dual,8,0.0,32,0.6998018057060869,0.695777518599586,0.1826243429111066,0.179535442341471,0.8595304460125938,0.8186373055595566,0.4281997521916032,0.44195712647711793,0.1281582778815142,0.12288692108007532,0.8968231633919012,0.886489259541664,0.07749873612230997,0.04968892567212391,1.1231606486779646,1.0027232933535863,0.4934420929534939,0.3463162939930592
A,0,ablation_constant,two_channel_fno,8,0.0,32,0.2179927929116947,0.22225647867573628,0.05604638720115341,0.06075484563403606,0.35055164796286137,0.3462435274229098,0.17120029163513784,0.17447113079196758,0.030385760678281297,0.030574912670860675,0.582659269863294,0.6026146965071117,0.10612851194411577,0.10853280471362843,0.7184204861393959,0.7764354868465951,0.6084190392826934,0.6175162026888434
A,0,ablation_constant,shared,8,0.0,32,0.2378089218755385,0.23515250547541683,0.06402449576437966,0.06386780958265413,0.3586162482217,0.3732994178347421,0.17837467301992346,0.1807684168344531,0.03870958052831561,0.040172602008154076,0.6115396297905112,0.6315877867231849,0.07289667050227314,0.07261663374982874,0.7250201711830025,0.7895724085766167,0.535657130649595,0.5310242680258864
A,0,ablation_constant,shared_learnable_rho,8,0.007465560653954272,32,0.23760876716609847,0.2350148025702815,0.0639358159257807,0.06381008623696055,0.3585249708455589,0.37303391548855525,0.17829555867323785,0.1807190897021984,0.03861584813429714,0.04006688120053446,0.6113261596717104,0.6313638595706043,0.07311732139135972,0.07280463837957807,0.7249723914724916,0.7895387535342776,0.5360507979305257,0.5314940321308099
A,0,ablation_constant,dual,8,0.0,32,0.23337053738208624,0.23271853386767838,0.061628576399484075,0.06334847848897568,0.35713640131074986,0.3718613103400394,0.17677700154010703,0.17952225852743398,0.03606364917471929,0.03607790854132298,0.6052339109839642,0.6251932162419692,0.08099920288872786,0.07687617174512784,0.7247360608453552,0.7855994001629527,0.5601954062542731,0.5512446575503924
A,0,ablation_shift_-4,two_channel_fno,8,0.0,32,0.2182173368261766,0.2221415183337474,0.05632079209212547,0.06057956022395967,0.3505821811634321,0.35162056102434214,0.17145125765777122,0.17553118665772266,0.03064247944763792,0.029830250513298445,0.5831988180179155,0.6065017969977997,0.10584399403734022,0.10410486382772137,0.7174307494503275,0.7750661726482599,0.612532656998377,0.6177102147768174
A,0,ablation_shift_-4,shared,8,0.0,32,0.37957169745784725,0.38719681615657453,0.08061070398318831,0.08192626883794128,0.6227331794853413,0.6338036482988669,0.339552046440722,0.33480863139173433,0.02112963533469086,0.016206014838653218,0.8014372577305634,0.7969374105319268,0.06161265500980945,0.05396817076906707,0.8757170978314495,0.9037933168604555,0.3650300413132712,0.29028486980232737
A,0,ablation_shift_-4,shared_learnable_rho,8,0.007465560653954272,32,0.37787934628710207,0.38519116548079113,0.08040315005355309,0.08186672207874407,0.620426335498818,0.6315072956998726,0.3382312184656351,0.3332842034771537,0.02118508554705367,0.016282464219248685,0.7999059975747288,0.7954940273664388,0.061823486155458074,0.054244168951954,0.8744752229479529,0.9028278624302981,0.36603848269814554,0.2921844893254131
A,0,ablation_shift_-4,dual,8,0.0,32,0.48646157378687255,0.5021469670684415,0.09765473848386125,0.09569227690142589,0.7715936952450675,0.7477779841719749,0.4281997521916032,0.44195712647711793,0.021393835441127423,0.011745794512736902,0.8968231633919012,0.886489259541664,0.08051993697286722,0.04968892567212391,1.0002079976910474,0.9664303049223265,0.4155125936021158,0.2277972335281151
A,0,ablation_shift_-2,two_channel_fno,8,0.0,32,0.2182173368261766,0.2221415183337474,0.05632079209212547,0.06057956022395967,0.3505821811634321,0.35162056102434214,0.17145125765777122,0.17553118665772266,0.03064247944763792,0.029830250513298445,0.5831988180179155,0.6065017969977997,0.10584399403734022,0.10410486382772137,0.7174307494503275,0.7750661726482599,0.612532656998377,0.6177102147768174
A,0,ablation_shift_-2,shared,8,0.0,32,0.2996177597438665,0.32623039168414314,0.053698024298662654,0.060081299782306724,0.5840477209140812,0.5913954396868839,0.21573211095209452,0.21068001801642977,0.01695541761450955,0.015224022323179829,0.8014372577305634,0.7969374105319268,0.056797051160248004,0.05318280679419374,0.8416191621203197,0.8773319718212229,0.30577106699589446,0.27799501526116066
A,0,ablation_shift_-2,shared_learnable_rho,8,0.007465560653954272,32,0.29874637543432153,0.3253133899858429,0.05370911161614499,0.05999674236068214,0.5821375210573883,0.5899581209519433,0.21541304306532102,0.21041083018525986,0.01704566683599713,0.015334012713500333,0.7999059975747288,0.7954940273664388,0.05705185989617553,0.05348540860325868,0.8405473323047269,0.8766569253018769,0.3072523188304807,0.2795150604735068
A,0,ablation_shift_-2,dual,8,0.0,32,0.35395446818742876,0.3818536215390994,0.05758248495739671,0.06296051212048696,0.7025687932106013,0.7058230168987553,0.2444724061538496,0.2309688851783563,0.01505084881157023,0.011253279112406847,0.8968231633919012,0.886489259541664,0.06529662764506351,0.04802316309965826,0.9154192124280356,0.9172971110978803,0.32116555460118357,0.2294731610605677
A,0,ablation_shift_-1,two_channel_fno,8,0.0,32,0.2182173368261766,0.2221415183337474,0.05632079209212547,0.06057956022395967,0.3505821811634321,0.35162056102434214,0.17145125765777122,0.17553118665772266,0.03064247944763792,0.029830250513298445,0.5831988180179155,0.6065017969977997,0.10584399403734022,0.10410486382772137,0.7174307494503275,0.7750661726482599,0.612532656998377,0.6177102147768174
A,0,ablation_shift_-1,shared,8,0.0,32,0.2420062091283874,0.2478272672835086,0.04089260950147848,0.04525961364727234,0.583911375666518,0.5913954396868839,0.15061267784634844,0.15326070549631476,0.016094176561543966,0.014689551917261425,0.5457200484853223,0.567854937079741,0.056797051160248004,0.05318280679419374,0.9115697726456122,0.8704880740267229,0.30746978348893017,0.2813819693430084
A,0,ablation_shift_-1,shared_learnable_rho,8,0.007465560653954272,32,0.2415603516378219,0.2469877586809228,0.04099569662237245,0.045369403805093245,0.5820358868023232,0.5899581209519433,0.15077089733722948,0.1534655248362404,0.0161889425033489,0.014859715328150728,0.5461105673754644,0.5684013719945207,0.05705185989617553,0.05348540860325868,0.9099597427732138,0.8698151663297614,0.30890740930280397,0.28402851098280724
A,0,ablation_shift_-1,dual,8,0.0,32,0.2726862006324393,0.2906677510363001,0.03979505706807023,0.04276746786087238,0.6945550990807591,0.7032054024413383,0.15327608616062685,0.14913582978239506,0.013977820920805158,0.011253279112406847,0.5263979424057892,0.5411966825714387,0.06036236668094711,0.04786461874805453,0.9933428594806879,0.9172971110978803,0.3304331182682737,0.24543927412263888
A,0,ablation_shift_+1,two_channel_fno,8,0.0,32,0.2182173368261766,0.2221415183337474,0.05632079209212547,0.06057956022395967,0.3505821811634321,0.35162056102434214,0.17145125765777122,0.17553118665772266,0.03064247944763792,0.029830250513298445,0.5831988180179155,0.6065017969977997,0.10584399403734022,0.10410486382772137,0.7174307494503275,0.7750661726482599,0.612532656998377,0.6177102147768174
A,0,ablation_shift_+1,shared,8,0.0,32,0.21572984560021075,0.24240193625758677,0.04044069031783931,0.04342756930424364,0.5776000051077788,0.615841175201221,0.15334958600670376,0.15113575240261817,0.01514074088520696,0.014689551917261425,0.5544594684940476,0.5639983119642179,0.058332874265892586,0.05396817076906707,0.7061010886793189,0.8627896635608552,0.27947812379051074,0.2761112678443114
A,0,ablation_shift_+1,shared_learnable_rho,8,0.007465560653954272,32,0.21519739181975567,0.2417281540223365,0.04053905366677712,0.043503593361746265,0.5757212735585925,0.6138078878754166,0.15346568381521067,0.15132083192193946,0.015238599501975293,0.014859715328150728,0.5547879008952245,0.5643994078647909,0.0584267792800636,0.054244168951954,0.7053587606139984,0.8621567258126202,0.28093744241852936,0.27668162004294816
A,0,ablation_shift_+1,dual,8,0.0,32,0.2635707010219292,0.2738187370554318,0.04011851432724976,0.040612555136500396,0.6987040973232748,0.7665709932161524,0.16027641702562306,0.16268051386007698,0.012991428508417302,0.010872932238819154,0.5398376355540401,0.5361755492643667,0.0776451696217945,0.04595274758307999,0.7892394567417176,0.9024770348437037,0.32105184755778815,0.25272607689440374
A,0,ablation_shift_+2,two_channel_fno,8,0.0,32,0.2182173368261766,0.2221415183337474,0.05632079209212547,0.06057956022395967,0.3505821811634321,0.35162056102434214,0.17145125765777122,0.17553118665772266,0.03064247944763792,0.029830250513298445,0.5831988180179155,0.6065017969977997,0.10584399403734022,0.10410486382772137,0.7174307494503275,0.7750661726482599,0.612532656998377,0.6177102147768174
A,0,ablation_shift_+2,shared,8,0.0,32,0.27513781541594395,0.3029733432788005,0.05358784359044382,0.05609827171738513,0.5783716772711387,0.615841175201221,0.22506096627862263,0.22258703553230802,0.01514074088520696,0.014689551917261425,0.8349320716429439,0.8483836451500453,0.0593617704837058,0.05396817076906707,0.7078117949500567,0.8627896635608552,0.30359185499055186,0.2813819693430084
A,0,ablation_shift_+2,shared_learnable_rho,8,0.007465560653954272,32,0.27414776011876,0.30242518423592657,0.05358787827741403,0.0559318737519639,0.5764571809550194,0.6138078878754166,0.2246407018215493,0.22217552865673418,0.015238599501975293,0.014859715328150728,0.8331628259221455,0.8463895798688952,0.05940798914196616,0.054244168951954,0.7069049085447293,0.8621567258126202,0.3047457440463963,0.2840285109828071
A,0,ablation_shift_+2,dual,8,0.0,32,0.35097007519302026,0.3545518829921414,0.05887568075693306,0.06269665837533853,0.7123148485920496,0.7835451348351874,0.26259643027829144,0.2560854719057205,0.012991428508417302,0.010872932238819154,0.9483282857874683,0.9756979297679953,0.09379693650565842,0.04595274758307999,0.826843458995127,0.9024770348437037,0.37467177317693223,0.2749785338888352
A,0,ablation_shift_+4,two_channel_fno,8,0.0,32,0.2182173368261766,0.2221415183337474,0.05632079209212547,0.06057956022395967,0.3505821811634321,0.35162056102434214,0.17145125765777122,0.17553118665772266,0.03064247944763792,0.029830250513298445,0.5831988180179155,0.6065017969977997,0.10584399403734022,0.10410486382772137,0.7174307494503275,0.7750661726482599,0.612532656998377,0.6177102147768174
A,0,ablation_shift_+4,shared,8,0.0,32,0.3439862277435748,0.35073081604697065,0.07718086951747613,0.08237919034649321,0.5793238493431884,0.615841175201221,0.3509874659995476,0.3470825790294034,0.01514074088520696,0.014689551917261425,0.8349320716429439,0.8483836451500453,0.06063133324643871,0.05396817076906707,0.7074621514985869,0.8627896635608552,0.3044475462881656,0.2813819693430084
A,0,ablation_shift_+4,shared_learnable_rho,8,0.007465560653954272,32,0.3422977394812292,0.34941255357297285,0.07698743210969852,0.08218597463562627,0.5773658098833643,0.6138078878754166,0.34953462043154987,0.34595068361941417,0.015238599501975293,0.014859715328150728,0.8331628259221455,0.8463895798688952,0.06061949437975942,0.054244168951954,0.7065365843094873,0.8621567258126202,0.3063492449999168,0.2840285109828071
A,0,ablation_shift_+4,dual,8,0.0,32,0.46515940764146835,0.4445138493809409,0.09446043685413372,0.09979049609299998,0.729230490296161,0.803332225852821,0.45250513815458854,0.4333577211654335,0.012991428508417302,0.010872932238819154,0.9483282857874683,0.9756979297679953,0.11634113833466704,0.04595274758307999,0.8445028156522759,0.9024770348437037,0.3551314098274184,0.2326057913536087
A,0,ablation_smooth_1,two_channel_fno,8,0.0,32,0.21814299672483295,0.22195790992715858,0.056263875111215694,0.06058257493090459,0.3505590917189983,0.3513532866674726,0.17139382416965568,0.17517979328419256,0.030588335573395027,0.029834891988145325,0.5830564975914384,0.6053135367090212,0.10596054773530157,0.10490028782003413,0.7175691317098403,0.7754308478305071,0.6121104792855041,0.6186544782315182
A,0,ablation_smooth_1,shared,8,0.0,32,0.18200318638389518,0.19720169585759756,0.043848792215310704,0.0460987848733458,0.3809406702341334,0.4211411031853056,0.15706880547718238,0.15953214257646875,0.01851979091847771,0.017551426512517607,0.5374457551910854,0.5489234239026546,0.049684396831567494,0.04867008111707699,0.6035894343559772,0.7121699283407315,0.27743424205373723,0.2500846839276759
A,0,ablation_smooth_1,shared_learnable_rho,8,0.007465560653954272,32,0.1821834901746533,0.19711319667647081,0.04391761329506655,0.04620128834451134,0.380610992492721,0.42105341991918144,0.157176227015726,0.15960043051648143,0.018580720761961732,0.017612684297585154,0.5379402965094072,0.5494872602499392,0.04992392445524583,0.04899858814377567,0.6044538178931129,0.7127315352346213,0.27897512232061944,0.25233336782842886
A,0,ablation_smooth_1,dual,8,0.0,32,0.18644599787173213,0.19134369882377578,0.043871931257746154,0.04342491250768932,0.40929588434079156,0.4523604797003756,0.16145135636447516,0.1634203726211464,0.01748654959163723,0.01378971671644013,0.5206920480345022,0.5288643137818188,0.04337904142946972,0.04217769724218279,0.5725068247046408,0.6860485270104301,0.25401380398188456,0.22703980070790952
A,0,ablation_smooth_2,two_channel_fno,8,0.0,32,0.21806674307686164,0.22167972038667583,0.056213217501564675,0.06060180479294755,0.35052837525050173,0.35052278841579576,0.1713336334314708,0.17484178935179762,0.030542285570072387,0.029878332554774234,0.5829467317606171,0.6041673040179236,0.10600088139050377,0.10538860284454116,0.7179134080452616,0.7760525835105392,0.6118362498585256,0.6166373394924836
A,0,ablation_smooth_2,shared,8,0.0,32,0.22780772834456925,0.24532726651615253,0.055618099532218246,0.05741076358717141,0.43535183066818095,0.479308321475027,0.21507075589391722,0.21956677350938542,0.019811461198645467,0.017798455177931764,0.6829400467408239,0.7026686718930044,0.03857315242096529,0.03789369043480595,0.6932866657989978,0.8248514386713426,0.2671227144288794,0.2482490419231801
A,0,ablation_smooth_2,shared_learnable_rho,8,0.007465560653954272,32,0.22760088081672764,0.24484182208435007,0.05557247859814601,0.057385227886486444,0.43455307818704036,0.47879486427169693,0.21461482960030687,0.21912254971982567,0.019859767122571273,0.017931144222468134,0.6823470984545089,0.70208103071189,0.03876132271655983,0.0380080143321711,0.6934899998350945,0.8245954001252729,0.2681070847283836,0.24965206554399527
A,0,ablation_smooth_2,dual,8,0.0,32,0.25301245503109304,0.2695314040299626,0.06301825848242812,0.06340146856351252,0.489069124313474,0.5379178289928055,0.25199100819026093,0.25939967003096764,0.020526586453799102,0.015418346586227687,0.7328905455952434,0.7530708722297625,0.03136683707087228,0.028489254750643733,0.6867188953344293,0.8502809235526594,0.24856281871586475,0.22886206401276765
A,0,ablation_smooth_4,two_channel_fno,8,0.0,32,0.21802489742494519,0.22139417084855761,0.05617079377848104,0.06054702855536452,0.35042071647565526,0.3494501604322001,0.17126181277723673,0.17449320273899152,0.030508053080478097,0.029833838688277138,0.5828196649442057,0.6029217756106184,0.1060382945163852,0.1060343961443251,0.7184863356417202,0.7759525493092603,0.611482900154378,0.6125861359048592
A,0,ablation_smooth_4,shared,8,0.0,32,0.2734636079236087,0.2950481328528029,0.07442684966924351,0.08186226534283794,0.46284744820138357,0.5030130301966591,0.27959415507213037,0.28673554066815354,0.028683954621890044,0.02608117640561951,0.7709643972250714,0.7961907098759293,0.004524159777921887,0.0,0.7276397522247053,0.8726527693447805,0.1746486247705007,0.11187898180671707
A,0,ablation_smooth_4,shared_learnable_rho,8,0.007465560653954272,32,0.2727572357880254,0.29432337192485325,0.07417049743351214,0.0815324682336358,0.4618020262349988,0.5015999559653426,0.27865155223745613,0.28573825166082417,0.02857757593935363,0.026002705752433672,0.7696992464724449,0.7948860097976604,0.004572626471543692,0.0,0.7275282142811748,0.8720136765328249,0.17567416408407355,0.11533006543314062
A,0,ablation_smooth_4,dual,8,0.0,32,0.3309714923554772,0.35288331117118,0.09477754465646482,0.10213893065589982,0.533013658554636,0.5757479894660673,0.34555795807066225,0.35595086408332965,0.03909263763016477,0.03626489758239285,0.8591339062274869,0.886966752729244,0.002048572185634107,0.0,0.7368696135299349,0.9187263336406483,0.1737264104311021,0.08999430862149488
B,0,iid,plain,4,0.0,32,0.26569734510142107,0.29220595944154176,0.10218934089997073,0.10706225279389092,0.41386506034098003,0.45044485408940055,0.33100821799500874,0.3072697500374884,0.057188451200832574,0.05443776854278985,0.8472329086015026,0.8249668659978342,0.06713518700086728,0.07134476425428637,0.6263019815138458,0.807931215351837,0.20889914041977148,0.14764740623839834
B,0,iid,hidden_width_2,4,0.0,32,0.26569734510142107,0.29220595944154176,0.10218934089997073,0.10706225279389092,0.41386506034098003,0.45044485408940055,0.33100821799500874,0.3072697500374884,0.057188451200832574,0.05443776854278985,0.8472329086015026,0.8249668659978342,0.06713518700086728,0.07134476425428637,0.6263019815138458,0.807931215351837,0.20889914041977148,0.14764740623839834
B,0,iid,two_channel_fno,4,0.0,32,0.26561977846552276,0.29099102451082515,0.1021980272106109,0.10669986426455791,0.4133441944939944,0.44978000250605293,0.33085173986668087,0.3068885655261808,0.05725111397437942,0.05398935868758628,0.8467910670295395,0.8254756864049022,0.06698397880846246,0.07019575419369017,0.6261880613692192,0.8082308933614132,0.20975727020402596,0.14923003844518834
B,0,iid,shared,4,0.0,32,0.14305515240454397,0.13490216814170042,0.05449026093188974,0.056781702707290924,0.2440961693381089,0.2627500058352433,0.14523210489548416,0.13683545910112146,0.03643042166121553,0.035598331657562224,0.37653483002243876,0.3656877701224349,0.03664601125347987,0.0353865003502733,0.2801123876764057,0.35364377637008393,0.11340106020008843,0.08600348243969602
B,0,iid,shared_learnable_rho,4,0.008352492126108002,32,0.1437881424271622,0.13607400660055483,0.054869199131028126,0.05728258373531072,0.24520747646824903,0.2634957260965214,0.14658094040454558,0.13816055858869047,0.036624533980169016,0.03570935905713303,0.3803004130999392,0.37005936221113217,0.036796869463439436,0.03545954321235745,0.28280796590912205,0.3571950447826846,0.11332750504521782,0.08532997140333276
B,0,iid,dual,4,0.0,32,0.1139663459767648,0.10551742021367945,0.042817296900117374,0.03995092569207226,0.19641611544610627,0.19355755831593938,0.1069261466928917,0.0881200364624769,0.029970969427080087,0.02549956813725493,0.20871386337862488,0.22112141727142048,0.04094525542950267,0.03499877146851732,0.15895399456799314,0.17367377025648006,0.14502650279757723,0.13478938445436606
B,0,iid,wide_plain,4,0.0,32,0.17175121202216065,0.20037168096601876,0.05489478564600342,0.0594524156709272,0.33224396516891974,0.3620157049714602,0.18395310868045361,0.1815521945506362,0.02988999551749567,0.029525544653718143,0.6006223824183761,0.6007047206964933,0.08226788007235224,0.08635534671578582,0.5619131867463301,0.6953699243271652,0.4065947158157027,0.35664837816701755
B,0,iid,plain,8,0.0,32,0.17175121202216065,0.20037168096601876,0.05489478564600342,0.0594524156709272,0.33224396516891974,0.3620157049714602,0.18395310868045361,0.1815521945506362,0.02988999551749567,0.029525544653718143,0.6006223824183761,0.6007047206964933,0.08226788007235224,0.08635534671578582,0.5619131867463301,0.6953699243271652,0.4065947158157027,0.35664837816701755
B,0,endpoint_continuous,plain,8,0.0,24,0.009291027636797781,0.007250916516559378,0.002342301658514925,0.002368968186612315,0.007091383572939072,0.007179250442755053,nan,nan,0.002342301658514925,0.002368968186612315,nan,nan,nan,nan,0.022486931655647024,0.019043478844688523,0.0069335066040310525,0.006025501559059079
B,0,offgrid,plain,8,0.0,24,0.20142402639100573,0.20903690195088476,0.05637125877843583,0.04703250910644433,0.35484962344476045,0.35527181201437574,0.16521277401454057,0.16925896303881222,0.030665084994077108,0.030221071756021525,0.5523096080250247,0.5428515113882743,0.08740047877980474,0.06821641420885699,0.6061069106597218,0.7031056663813132,0.46523761185734136,0.4064258123247678
B,0,false_interface,plain,8,0.0,24,0.022960110163036698,0.016859221026038422,0.0022960734614226614,0.002166674286188941,0.007305767276534825,0.006812100349674451,0.002756890542761558,0.0026683649259048856,0.0022141863680824373,0.002149314489418468,0.003513901129179252,0.003628730102981384,0.0018016869203868117,0.0010613276171364538,0.037679159073113554,0.03881592579384206,0.010468025519456942,0.010887162530075503
B,0,iid,hidden_width_2,8,0.0,32,0.17175121202216065,0.20037168096601876,0.05489478564600342,0.0594524156709272,0.33224396516891974,0.3620157049714602,0.18395310868045361,0.1815521945506362,0.02988999551749567,0.029525544653718143,0.6006223824183761,0.6007047206964933,0.08226788007235224,0.08635534671578582,0.5619131867463301,0.6953699243271652,0.4065947158157027,0.35664837816701755
B,0,endpoint_continuous,hidden_width_2,8,0.0,24,0.009291027636797781,0.007250916516559378,0.002342301658514925,0.002368968186612315,0.007091383572939072,0.007179250442755053,nan,nan,0.002342301658514925,0.002368968186612315,nan,nan,nan,nan,0.022486931655647024,0.019043478844688523,0.0069335066040310525,0.006025501559059079
B,0,offgrid,hidden_width_2,8,0.0,24,0.20142402639100573,0.20903690195088476,0.05637125877843583,0.04703250910644433,0.35484962344476045,0.35527181201437574,0.16521277401454057,0.16925896303881222,0.030665084994077108,0.030221071756021525,0.5523096080250247,0.5428515113882743,0.08740047877980474,0.06821641420885699,0.6061069106597218,0.7031056663813132,0.46523761185734136,0.4064258123247678
B,0,false_interface,hidden_width_2,8,0.0,24,0.022960110163036698,0.016859221026038422,0.0022960734614226614,0.002166674286188941,0.007305767276534825,0.006812100349674451,0.002756890542761558,0.0026683649259048856,0.0022141863680824373,0.002149314489418468,0.003513901129179252,0.003628730102981384,0.0018016869203868117,0.0010613276171364538,0.037679159073113554,0.03881592579384206,0.010468025519456942,0.010887162530075503
B,0,iid,two_channel_fno,8,0.0,32,0.17231316186747084,0.20021194659630887,0.05518335814664853,0.060083486480329185,0.3323640388470663,0.36325045469434597,0.18423162090527753,0.18166439393936057,0.030150213662224343,0.02986632232968025,0.601008902955408,0.6004295149432856,0.08256448668381276,0.08653778604484141,0.562212205731356,0.6956811618056897,0.40898125023064663,0.3618000125294659
B,0,endpoint_continuous,two_channel_fno,8,0.0,24,0.010628518262130376,0.008137357541416316,0.0027661388102615467,0.0026778242516378604,0.007972499446803033,0.008125090067166718,nan,nan,0.0027661388102615467,0.0026778242516378604,nan,nan,nan,nan,0.022492971688005663,0.01903149975134422,0.00686782732829432,0.006060492735611753
B,0,offgrid,two_channel_fno,8,0.0,24,0.20098780132944105,0.20852964586669565,0.05617628934236644,0.04699299709442767,0.3548282954656585,0.3545702711712774,0.16528350864493419,0.16910655780888595,0.03035845881617756,0.029815512660460813,0.5542572531373658,0.5439269351030065,0.08691672872714937,0.06915089131288807,0.6062417708423783,0.702701663373728,0.45850719025796477,0.41474971990243364
B,0,false_interface,two_channel_fno,8,0.0,24,0.031766664632418576,0.023198473171944976,0.0030456904522062293,0.002845775252417171,0.00883858481397326,0.008488890411691458,0.0037859780400452156,0.003316039423608616,0.002886738021419543,0.0026788489505962304,0.0044606285533695935,0.003396133337316573,0.0022471382995392494,0.0016143908554735326,0.04037346375032195,0.03873512374990332,0.016052416771900224,0.01624835985825293
B,0,iid,shared,8,0.0,32,0.09421262030747507,0.09438594646026092,0.028761518441097055,0.030704025469891136,0.21279434443401307,0.23367641930020777,0.08875642187308552,0.0893427105255887,0.01701200755877454,0.01769127544796041,0.2864472649009653,0.2903860614702518,0.04533491531012945,0.04088092515805264,0.2663128991398719,0.32827855913838494,0.17972404271432715,0.16449971528420904
B,0,endpoint_continuous,shared,8,0.0,24,0.05105859260543144,0.050060149466008716,0.02080970790886817,0.019600788651644243,0.027265216890949517,0.02532401500814338,nan,nan,0.02080970790886817,0.019600788651644243,nan,nan,nan,nan,0.02198703944606339,0.018185350714395646,0.005641920357530753,0.005085160423109525
B,0,offgrid,shared,8,0.0,24,0.10441969526301957,0.09926144333677768,0.029487210764100612,0.02769804935966655,0.23295827687484202,0.25408804656615774,0.07856598876799598,0.07427024404776397,0.01764204152251267,0.014199975977769022,0.2474443658490869,0.24800262997317635,0.040684621323178224,0.03383601550963561,0.27421123430626415,0.32129929840665916,0.2586658549626472,0.20147204725644463
B,0,false_interface,shared,8,0.0,24,0.09218957838604218,0.09314434603547299,0.010642693987100925,0.009103153706030116,0.05610779700573718,0.042296564628595414,0.029321605524992272,0.02435226208824998,0.006974077867433179,0.005772193173959236,0.011466196946257123,0.0060973054664659534,0.04247005750296261,0.032876637967783756,0.14426061239931254,0.15996555923224337,0.12346336588096402,0.08841282091383637
B,0,iid,shared_learnable_rho,8,0.007672592141006857,32,0.09467720790138567,0.09491598862092272,0.02895656153070716,0.03091734447701188,0.2135468603654662,0.23446151301097617,0.08944868216369731,0.09033847800768954,0.017110508958320815,0.017783879044540943,0.28880216850830115,0.29309440083396426,0.045574371500735365,0.04121675196851049,0.26847843932529436,0.3314196111792866,0.1811033504383492,0.16779557588688787
B,0,endpoint_continuous,shared_learnable_rho,8,0.007672592141006857,24,0.051276788733734535,0.050290184277309025,0.02090708778012958,0.01969407721837512,0.027353345650437882,0.025406684277090252,nan,nan,0.02090708778012958,0.01969407721837512,nan,nan,nan,nan,0.02198971647780067,0.018201169017618816,0.005629372288002531,0.005058925273982218
B,0,offgrid,shared_learnable_rho,8,0.007672592141006857,24,0.1047512066699572,0.09929865096287471,0.029613041841880936,0.027656120804496066,0.23365196250532083,0.2543089559501011,0.07901812904456022,0.07489412269577203,0.01769098422158954,0.014212807700842843,0.24983551721383057,0.2505450654164659,0.040888227939543983,0.034092740918618525,0.27656335078080857,0.3242500110334359,0.2590951766864295,0.2039822656449426
B,0,false_interface,shared_learnable_rho,8,0.007672592141006857,24,0.09156224093327105,0.09232428069991869,0.01057798087612206,0.009046137326561078,0.055649956622909356,0.041922523694449,0.029064360013775485,0.024146448381061083,0.006944044186476698,0.005738461874848864,0.011299474624115288,0.0060765479552270935,0.041893451827747175,0.032420356227542795,0.14325225618027757,0.1588206852224524,0.12213628334648918,0.08709162491435257
B,0,iid,dual,8,0.0,32,0.07209774087252677,0.06598625087094455,0.021621876038813714,0.019991012105010832,0.1686834501870158,0.16711083720765707,0.06317231442648231,0.05828453215200008,0.013383934769206463,0.012567834374089957,0.15023246422715858,0.14527970946649105,0.04240769462993258,0.02854998060427405,0.14262925201412224,0.16180749033671626,0.17669396327491044,0.13143987048568007
B,0,endpoint_continuous,dual,8,0.0,24,0.037947246165273577,0.03700559661176969,0.015169388547440496,0.014261343444649945,0.021360989207388933,0.019569420147648647,nan,nan,0.015169388547440496,0.014261343444649945,nan,nan,nan,nan,0.021568361402906522,0.01805035089853052,0.005462614715403927,0.004320573706820069
B,0,offgrid,dual,8,0.0,24,0.09781214377911367,0.07413240520551503,0.02576271796576776,0.024890612072133868,0.19714322715443092,0.204573371086451,0.06821370237584609,0.06141612784840225,0.015418711797144947,0.013293536560076182,0.12017065719798133,0.13689302424535937,0.05508732601598101,0.03047395201054387,0.16273371215730345,0.17261485255607698,0.28029322381673377,0.2052534382337634
B,0,false_interface,dual,8,0.0,24,0.129618290867168,0.12410311090255013,0.014905110707700528,0.012926781513284056,0.08184887036102696,0.06357444718663655,0.0434646465739722,0.03464795331110174,0.009324559571289814,0.006925987690987323,0.013879464274659824,0.007515556107251138,0.07287091772830803,0.054891780755902606,0.2107964226866547,0.23704713923094606,0.21205268501200525,0.1551766487068178
B,0,iid,wide_plain,8,0.0,32,0.11007908668596994,0.12698837794217555,0.03416076264840327,0.03527377604173744,0.22040500509136857,0.2417032892882443,0.11781963796314729,0.11343603857666854,0.017614475347076122,0.016257982530757432,0.21734490000857437,0.21537597091339433,0.07227876744546825,0.06628495130946677,0.3941971081598988,0.4714874891292882,0.6890324298326576,0.6856438009464223
B,0,endpoint_continuous,wide_plain,8,0.0,24,0.0015092799073478217,0.0012360522037725388,0.00036087314583133626,0.000350034777997949,0.0013569645642601182,0.0013460876092238894,nan,nan,0.00036087314583133626,0.000350034777997949,nan,nan,nan,nan,0.0062258541336592185,0.005084609270710725,0.0049003643368271095,0.004679256439505064
B,0,offgrid,wide_plain,8,0.0,24,0.13037737684361222,0.1354056720266359,0.03438144919693801,0.030934207969494927,0.23664279032609334,0.22862962711780194,0.10735513654197411,0.10746346586893252,0.016964967684712538,0.014389206593880726,0.1992294015836234,0.18199754991866357,0.07430773137785655,0.05678198870483245,0.4506325282629218,0.4795594630154091,0.6864477152288035,0.623136214532942
B,0,false_interface,wide_plain,8,0.0,24,0.003854823223636846,0.0028719875903560907,0.0003726016186760696,0.0004070607324342987,0.001321959363990055,0.0013458479079747707,0.00045146707850320756,0.0004130567058723497,0.00035797079039879046,0.00038763414420991754,0.00046032066167329706,0.00032376808421998027,0.0004274130630877622,0.00032224767532564036,0.011389583867360095,0.008747101069679986,0.00451235440258301,0.004225272932855892
B,0,iid,exact_shift,0,0.0,32,0.0,0.0,0.0,0.0,0.0,0.0,0.0,0.0,0.0,0.0,0.0,0.0,0.0,0.0,0.0,0.0,0.0,0.0
B,0,iid,shared_rho_0.25,8,0.25,32,0.11098675359759741,0.12098451192499227,0.03507309814870156,0.03780774389475186,0.2397608129454567,0.27192385566937394,0.1127825615189463,0.11048764228661315,0.01996276367412507,0.02099249627304275,0.3670237897255447,0.3752449285665867,0.05305052158695189,0.05028353598172819,0.34081815503869983,0.42624109415268496,0.22881267032821795,0.23267463306916694
B,0,iid,shared_rho_0.5,8,0.5,32,0.13024464980017406,0.14848237024678335,0.0415735396363609,0.04534846204219958,0.2682471830451542,0.30137234461508217,0.13708047112325275,0.1344115110617004,0.02306051903681798,0.024085173789834248,0.44670074069570015,0.4515192923992378,0.06267904729226245,0.05932840377918669,0.416202162227869,0.5206868836034887,0.2869896089240337,0.27388779138074226
B,0,iid,shared_rho_0.75,8,0.75,32,0.1506087014140097,0.17529646477310784,0.04815911353556816,0.05293288841343142,0.2978483300804857,0.3347403557645565,0.16071600384581788,0.158515207818424,0.02635743881262445,0.026206580852485846,0.5243637623091828,0.526315033503832,0.07215968068441247,0.07171576145960534,0.4898970516698528,0.6101347035636852,0.347036871998731,0.30465595417778446
B,0,iid,shared_rho_1,8,1.0,32,0.17175121202216065,0.20037168096601876,0.05489478564600342,0.0594524156709272,0.33224396516891974,0.3620157049714602,0.18395310868045361,0.1815521945506362,0.02988999551749567,0.029525544653718143,0.6006223824183761,0.6007047206964933,0.08226788007235224,0.08635534671578582,0.5619131867463301,0.6953699243271652,0.4065947158157027,0.35664837816701755
B,0,ablation_unshifted,two_channel_fno,8,0.0,32,0.17231316186747084,0.20021194659630887,0.05518335814664853,0.060083486480329185,0.3323640388470663,0.36325045469434597,0.18423162090527753,0.18166439393936057,0.030150213662224343,0.02986632232968025,0.601008902955408,0.6004295149432856,0.08256448668381276,0.08653778604484141,0.562212205731356,0.6956811618056897,0.40898125023064663,0.3618000125294659
B,0,ablation_unshifted,shared,8,0.0,32,0.4598084874721503,0.48169710749422995,0.13600420234657226,0.11835961970130213,0.6690071288076971,0.617013341540864,0.373193915417788,0.34264439552248194,0.09117726320894945,0.08191704182866297,0.8282727685942599,0.8566761608127083,0.03255072254877485,0.024441495188157858,0.8881727675137671,0.8505771217821791,0.33343582101234637,0.2721640369351553
B,0,ablation_unshifted,shared_learnable_rho,8,0.007672592141006857,32,0.4569739860111893,0.4782693615344491,0.13533587566468047,0.11795355025028052,0.6661365841766098,0.6141074350404994,0.3716818851503992,0.34096158998978005,0.09066115239684684,0.08154324639214519,0.8266190722713503,0.8558887851664279,0.032761662975204726,0.024745997722698143,0.885380751511524,0.8499796173193348,0.3335908363476457,0.27161818538447124
B,0,ablation_unshifted,dual,8,0.0,32,0.6303750062379809,0.6803793432188312,0.17740798873947752,0.15239677738348684,0.8535464756848737,0.7838335447051463,0.46715690702559026,0.44294788162809057,0.12310576803926288,0.10835811525602237,0.9254112190095547,0.9121028438769501,0.05112714976002043,0.01779819822749784,1.0658712565872164,0.9023365991831136,0.39161361454730276,0.2947929420451155
B,0,ablation_constant,two_channel_fno,8,0.0,32,0.1718498920802299,0.20037622302364258,0.05492391411814427,0.0595485601652848,0.3325498707946762,0.3634227774222063,0.18397965159195173,0.18156747265101125,0.029918300371979973,0.029694588716991217,0.6007757557104864,0.6007148167754383,0.082317449664871,0.08699242820019149,0.5619339324590726,0.6954984491703589,0.4057943625145596,0.35642965689069417
B,0,ablation_constant,shared,8,0.0,32,0.1789915650104233,0.20948675463743166,0.06008698879313411,0.06557932965155877,0.3543620525833382,0.3783858875827486,0.18807726358103735,0.18658341663052538,0.03566558843788396,0.0367778544211603,0.620124300596244,0.6260348408078779,0.06455387828996419,0.06004035027003507,0.5609020144267035,0.7033538951815449,0.40799750634072574,0.3474187397434825
B,0,ablation_constant,shared_learnable_rho,8,0.007672592141006857,32,0.17891871556795164,0.20942452787588997,0.06004467987904504,0.06555569904178164,0.3541284412216649,0.3780858883484747,0.1880566373797605,0.18654417896302447,0.03561610535172323,0.03676237283996711,0.6200178208531514,0.6258609436221936,0.0647085660855562,0.060265026713491654,0.560906190041276,0.7033109612954306,0.40783198267749343,0.3471133792536408
B,0,ablation_constant,dual,8,0.0,32,0.17635374085720798,0.20619335963540764,0.0579043935694944,0.06389721567975223,0.3532789368948629,0.3827065773632917,0.18640531710383523,0.18586767188761172,0.03320363035755372,0.03523240774315257,0.6127949643139374,0.6211575863957314,0.0695463028057097,0.05909665153876453,0.5591607997915108,0.6999550538578349,0.4286687961052784,0.36733052925922227
B,0,ablation_shift_-4,two_channel_fno,8,0.0,32,0.17231316186747084,0.20021194659630887,0.05518335814664853,0.060083486480329185,0.3323640388470663,0.36325045469434597,0.18423162090527753,0.18166439393936057,0.030150213662224343,0.02986632232968025,0.601008902955408,0.6004295149432856,0.08256448668381276,0.08653778604484141,0.562212205731356,0.6956811618056897,0.40898125023064663,0.3618000125294659
B,0,ablation_shift_-4,shared,8,0.0,32,0.3218639744187384,0.34087864769059734,0.0800554865241918,0.07734126384820458,0.5785230572961781,0.5439887222687236,0.373193915417788,0.34264439552248194,0.021454968641001545,0.01813347795824715,0.8282727685942599,0.8566761608127083,0.044444133796735265,0.03668213705315759,0.7250119990960954,0.827729133955537,0.22657802065428048,0.17607181684603057
B,0,ablation_shift_-4,shared_learnable_rho,8,0.007672592141006857,32,0.3202921625118921,0.33865340872579897,0.07985018955081433,0.077068243174998,0.5764801266364161,0.5418730933198377,0.3716818851503992,0.34096158998978005,0.021516090450223554,0.018254146399424256,0.8266190722713503,0.8558887851664279,0.044690624304975876,0.036906634253938364,0.7235213185823413,0.8270101920674853,0.22762139880531135,0.17657314322968748
B,0,ablation_shift_-4,dual,8,0.0,32,0.4176748197081793,0.47363739101262947,0.0946718455470363,0.09066264494874168,0.7126196579839548,0.7169271676938473,0.46715690702559026,0.44294788162809057,0.02003690326700712,0.013333635537678325,0.9254112190095547,0.9121028438769501,0.05565218014150093,0.02411390001636038,0.8405294844723232,0.8790846476440135,0.23634518385448525,0.1271523978968444
B,0,ablation_shift_-2,two_channel_fno,8,0.0,32,0.17231316186747084,0.20021194659630887,0.05518335814664853,0.060083486480329185,0.3323640388470663,0.36325045469434597,0.18423162090527753,0.18166439393936057,0.030150213662224343,0.02986632232968025,0.601008902955408,0.6004295149432856,0.08256448668381276,0.08653778604484141,0.562212205731356,0.6956811618056897,0.40898125023064663,0.3618000125294659
B,0,ablation_shift_-2,shared,8,0.0,32,0.25069369326905855,0.2776849326707863,0.05484525295607806,0.058608333362576946,0.5638413714124386,0.5439887222687236,0.23772132630893644,0.22982115588011742,0.018491253999976254,0.01813347795824715,0.8282727685942599,0.8566761608127083,0.04533491531012945,0.04088092515805264,0.7049913898999314,0.8155385773019133,0.21502958420932777,0.17521283648437536
B,0,ablation_shift_-2,shared_learnable_rho,8,0.007672592141006857,32,0.24987263143303334,0.27667141203930035,0.05484828916384176,0.05866187215106432,0.5619277829912237,0.5418730933198377,0.23731742549732457,0.22939732077787053,0.018578568439681725,0.018254146399424256,0.8266190722713503,0.8558887851664279,0.045574371500735365,0.04121675196851049,0.7038825906537227,0.814931586794005,0.21614335487558334,0.17724671111344953
B,0,ablation_shift_-2,dual,8,0.0,32,0.30097511269794613,0.3343666153639636,0.05720615017323112,0.06134110289510177,0.6816919520708538,0.6909134479465261,0.2667479894845779,0.24826672762488564,0.015483710024062068,0.013270029202103007,0.9254112190095547,0.9121028438769501,0.049865565215393384,0.02854998060427405,0.7826545305315735,0.8625970617385954,0.2148801059048694,0.13182434073917304
B,0,ablation_shift_-1,two_channel_fno,8,0.0,32,0.17231316186747084,0.20021194659630887,0.05518335814664853,0.060083486480329185,0.3323640388470663,0.36325045469434597,0.18423162090527753,0.18166439393936057,0.030150213662224343,0.02986632232968025,0.601008902955408,0.6004295149432856,0.08256448668381276,0.08653778604484141,0.562212205731356,0.6956811618056897,0.40898125023064663,0.3618000125294659
B,0,ablation_shift_-1,shared,8,0.0,32,0.19204495786726478,0.22595511291947282,0.04154748604062047,0.04620699435727338,0.5390044088834113,0.5439887222687236,0.16408737399295817,0.16226359201942603,0.017339150651461202,0.017901329591273822,0.5610295694652992,0.5791351845456376,0.04533491531012945,0.04088092515805264,0.6343066043960117,0.8037415407129738,0.19019262168030038,0.16449971528420904
B,0,ablation_shift_-1,shared_learnable_rho,8,0.007672592141006857,32,0.191691508302362,0.22558694888419323,0.0416477895724988,0.04620853887626739,0.5372743825725428,0.5418730933198377,0.16422193064623106,0.16242808653299953,0.017435090333900595,0.017987582122764908,0.5613541401335178,0.5793982512221189,0.045574371500735365,0.04121675196851049,0.6337395294829131,0.8032067710901051,0.19148995445690228,0.16779557588688787
B,0,ablation_shift_-1,dual,8,0.0,32,0.21517263429721167,0.2513618902272323,0.03876017296595323,0.042147484939601784,0.6422120583043356,0.6780819991086895,0.16455421210401153,0.1718840161830733,0.013847076878590514,0.012567834374089957,0.5434178987313661,0.5672721087796275,0.04435840541485139,0.02854998060427405,0.6691341884673412,0.8389712456361803,0.18267748704440853,0.1303975603144859
B,0,ablation_shift_+1,two_channel_fno,8,0.0,32,0.17231316186747084,0.20021194659630887,0.05518335814664853,0.060083486480329185,0.3323640388470663,0.36325045469434597,0.18423162090527753,0.18166439393936057,0.030150213662224343,0.02986632232968025,0.601008902955408,0.6004295149432856,0.08256448668381276,0.08653778604484141,0.562212205731356,0.6956811618056897,0.40898125023064663,0.3618000125294659
B,0,ablation_shift_+1,shared,8,0.0,32,0.20251719356095,0.22829019616520047,0.0415927430242427,0.04658983646733256,0.5902375582878825,0.6934361039700059,0.16613795942966883,0.16783181980263273,0.01701200755877454,0.01769127544796041,0.5700276264093481,0.5721769803316294,0.04533491531012945,0.04088092515805264,0.6208965216216579,0.7882056524195545,0.2004002323009614,0.17521283648437536
B,0,ablation_shift_+1,shared_learnable_rho,8,0.007672592141006857,32,0.2020881577620337,0.22794889920577294,0.04169281665828947,0.04663800506142755,0.5883740008655347,0.690877627617887,0.16625725134640026,0.16821140473595284,0.017110508958320815,0.017783879044540943,0.5702847247841596,0.5723782346021249,0.045574371500735365,0.04121675196851049,0.6204386287613262,0.7872901527066312,0.20162499964167757,0.17724671111344953
B,0,ablation_shift_+1,dual,8,0.0,32,0.23048043093608245,0.24481676509306854,0.039494407792343866,0.04254520463709516,0.6999704341277795,0.80142564317219,0.17119074503407086,0.16169536552280878,0.013383934769206463,0.012567834374089957,0.5569420289428499,0.5531028308114713,0.048010055200685915,0.02854998060427405,0.6504898523762445,0.8180625787227642,0.2185879992564421,0.14808569934762927
B,0,ablation_shift_+2,two_channel_fno,8,0.0,32,0.17231316186747084,0.20021194659630887,0.05518335814664853,0.060083486480329185,0.3323640388470663,0.36325045469434597,0.18423162090527753,0.18166439393936057,0.030150213662224343,0.02986632232968025,0.601008902955408,0.6004295149432856,0.08256448668381276,0.08653778604484141,0.562212205731356,0.6956811618056897,0.40898125023064663,0.3618000125294659
B,0,ablation_shift_+2,shared,8,0.0,32,0.25624918740848035,0.2616483777443498,0.05417604876714019,0.06202663502906443,0.5902375582878825,0.6934361039700059,0.2400328101035539,0.22455914357869833,0.01701200755877454,0.01769127544796041,0.8628754691531441,0.8436722499130644,0.04533491531012945,0.04088092515805264,0.6208965216216579,0.7882056524195545,0.2670890551073198,0.2060461548460216
B,0,ablation_shift_+2,shared_learnable_rho,8,0.007672592141006857,32,0.2553994299514356,0.2609941276760729,0.05418286870758174,0.0620685617292834,0.5883740008655347,0.690877627617887,0.23960451220640194,0.22449012661301165,0.017110508958320815,0.017783879044540943,0.8609622997495069,0.8422033075266806,0.045574371500735365,0.04121675196851049,0.6204386287613262,0.7872901527066312,0.2678202527446489,0.2090937281468445
B,0,ablation_shift_+2,dual,8,0.0,32,0.30836339059852225,0.30545957309016575,0.05733086390397052,0.06424222309290703,0.7090674645808698,0.80142564317219,0.27600415790342325,0.2578773703723549,0.013383934769206463,0.012567834374089957,0.9773963824540531,0.9432983829163166,0.06045814615400706,0.02854998060427405,0.6721912446715166,0.8180625787227642,0.32731141862198543,0.1919488589681069
B,0,ablation_shift_+4,two_channel_fno,8,0.0,32,0.17231316186747084,0.20021194659630887,0.05518335814664853,0.060083486480329185,0.3323640388470663,0.36325045469434597,0.18423162090527753,0.18166439393936057,0.030150213662224343,0.02986632232968025,0.601008902955408,0.6004295149432856,0.08256448668381276,0.08653778604484141,0.562212205731356,0.6956811618056897,0.40898125023064663,0.3618000125294659
B,0,ablation_shift_+4,shared,8,0.0,32,0.31012679151106914,0.30969371519467326,0.074252713494255,0.08054305352287996,0.5902375582878825,0.6934361039700059,0.35176381380227995,0.3491705048941305,0.01701200755877454,0.01769127544796041,0.8628754691531441,0.8436722499130644,0.04533491531012945,0.04088092515805264,0.6224652859184382,0.7882056524195545,0.2611359751853006,0.19564225296257937
B,0,ablation_shift_+4,shared_learnable_rho,8,0.007672592141006857,32,0.30869674945563935,0.30856758091798026,0.07408711547396366,0.08043433000073513,0.5883740008655347,0.690877627617887,0.3503759724714839,0.3476062654055989,0.017110508958320815,0.017783879044540943,0.8609622997495069,0.8422033075266806,0.045574371500735365,0.04121675196851049,0.6218366394877126,0.7872901527066312,0.2619160595062842,0.19730740073364095
B,0,ablation_shift_+4,dual,8,0.0,32,0.3968619162886449,0.3785087235886209,0.08735752138734341,0.08713854016235088,0.7192556576532454,0.80142564317219,0.443109034332629,0.41672669847129845,0.013383934769206463,0.012567834374089957,0.9773963824540531,0.9432983829163166,0.07533637582350393,0.02854998060427405,0.7018264396864136,0.8180625787227642,0.34023950417085913,0.1743708441821895
B,0,ablation_smooth_1,two_channel_fno,8,0.0,32,0.17217845590591518,0.2003104851604499,0.055136670793849485,0.06004764373493213,0.33228694406920123,0.36332117992593016,0.18420179168954579,0.18179048897222042,0.03010823590878235,0.029806996535929598,0.600970479866954,0.6008298149106546,0.08255885950685514,0.08653114152548169,0.5621399237040133,0.6956644579313751,0.4082661085673934,0.3609847666227687
B,0,ablation_smooth_1,shared,8,0.0,32,0.1563532379142716,0.17906606410935474,0.0426282482679996,0.04636373921261355,0.3619954698308455,0.4087977308790942,0.16454354290571988,0.15908689638288423,0.01857700384491912,0.019632372519353535,0.5503931901758534,0.5533868691546941,0.044855308823282376,0.03891713029839461,0.5077689352447073,0.6397447748574492,0.20321901991942684,0.2151593589587707
B,0,ablation_smooth_1,shared_learnable_rho,8,0.007672592141006857,32,0.1563934862597709,0.1790630053575879,0.04271878312877643,0.04643929462346348,0.3616369764049773,0.40826155597628844,0.1646764061187847,0.15910288443278323,0.01866145555271706,0.019719841282686872,0.5507887138224591,0.5537136227953658,0.0450794463468381,0.039223392645665545,0.5081397054676311,0.6402235902947627,0.20433420579109396,0.21600109540341217
B,0,ablation_smooth_1,dual,8,0.0,32,0.15714423354097237,0.18094447410564568,0.03963047542072916,0.04271879317096283,0.38508374751209107,0.4329087067637816,0.16379883246492155,0.15999551272471105,0.015060252577987238,0.014088224677742806,0.5337597577190628,0.5381038951898998,0.037562518732063205,0.030509996836879938,0.4883335080683825,0.6195839945355275,0.1513587523286556,0.1353582990173114
B,0,ablation_smooth_2,two_channel_fno,8,0.0,32,0.17206861954655622,0.20045249848002758,0.05509940891728263,0.05998562357955319,0.3322245600888426,0.36341536820641696,0.1841455914764394,0.18200787525520362,0.03007992017254737,0.0297093683572016,0.6008899972145586,0.6014513627398821,0.08255225738571251,0.08650546523597669,0.5621014200739836,0.6956354346535382,0.40773461213713935,0.35965656535015844
B,0,ablation_smooth_2,shared,8,0.0,32,0.19246689125963573,0.2237695990956064,0.05236124240142775,0.05679810823154096,0.4156206126448154,0.461909972190623,0.22229611243787484,0.21148820202010696,0.01853702408306939,0.018764464852094563,0.703737997459493,0.7003303120139186,0.03233182700831607,0.03557927092375568,0.5864466450931598,0.7449578484267695,0.2031897208215398,0.19178197243974687
B,0,ablation_smooth_2,shared_learnable_rho,8,0.007672592141006857,32,0.1921846562471205,0.22348698979829734,0.052337239058130744,0.05679362633311625,0.4148424988696751,0.4609906237242339,0.2218162970300418,0.21105927994161153,0.01860914546086056,0.01887144892499859,0.7029990913290048,0.6995848631063686,0.032513027215601474,0.035856202447811625,0.5862335447542167,0.7446123551182793,0.204103348785332,0.19254344293899978
B,0,ablation_smooth_2,dual,8,0.0,32,0.21395811645501023,0.24805913051010386,0.05626337723508839,0.06039548194319637,0.4634419729852981,0.5152034925215034,0.25705608133243496,0.24418123793261481,0.01598935711069012,0.0151424572729864,0.7543995489244067,0.7496565972132452,0.02786760122966219,0.025239193300432117,0.6013233867338827,0.7696116614705975,0.16858799305297376,0.1233021903880035
B,0,ablation_smooth_4,two_channel_fno,8,0.0,32,0.17195875094372431,0.20052782418985612,0.05505668037488612,0.059869242573734015,0.3321387121282813,0.3634533166727323,0.18406765441574763,0.18227962930981603,0.030049279391436,0.029597736619612736,0.6007736042005668,0.6021825739853317,0.0825619355087811,0.08655266586949473,0.5620690105640938,0.6955977496800343,0.4072795356336184,0.35798726430152905
B,0,ablation_smooth_4,shared,8,0.0,32,0.2293590913664117,0.26639142363963847,0.06766249310383209,0.07239502603112512,0.44211112395103946,0.4846425902347016,0.29069060105631234,0.2796851421690675,0.023104752088875094,0.021008858708756344,0.7968197475632529,0.7890044601476096,0.0003190998169530308,0.0,0.6123628340839,0.7892278433834623,0.1742000383817119,0.10980242138574448
B,0,ablation_smooth_4,shared_learnable_rho,8,0.007672592141006857,32,0.22863605702076223,0.26560763247173025,0.06742431837617402,0.07215579229389035,0.44114333785986803,0.48356199286568613,0.2896662473308732,0.27873842016636396,0.02302223500854484,0.020951155034117187,0.795394704511116,0.7876165007767354,0.0003655680196749208,0.0,0.6119455172570318,0.7885527947953139,0.1740489599829175,0.10853172221643159
B,0,ablation_smooth_4,dual,8,0.0,32,0.27906626566878084,0.32154551466981895,0.08443690914601551,0.08987193191401832,0.5026045898959695,0.5477328991440675,0.35547695018831993,0.34685917556810497,0.030483881272746323,0.027421186728117004,0.8864187579467147,0.8809267337972935,0.0,0.0,0.639427755611492,0.8318732232857381,0.2106627501811516,0.14917181052630601
